{
  "hgb": {
    "rmse": 5819.174322035293,
    "mae": 3655.0636166200734,
    "r2": 0.8883653961305752
  },
  "n_train": 601257,
  "n_test": 150315
}